id,title,status,page,image,size,note
fcs,Fourteenth Century Sky,none,,,,公式サイトにリリースページが見つからない
mmm,My Mercury Mouth E.P,none,,,,公式サイトにリリースページが見つからない
lh,Leave Home,error,https://www.thechemicalbrothers.com/music-videos/leave-home,,,ページを読めない：<urlopen error Tunnel connection failed: 403 Forbidden>
epd,Exit Planet Dust,error,https://www.thechemicalbrothers.com/music-videos/exit-planet-dust,,,ページを読めない：<urlopen error Tunnel connection failed: 403 Forbidden>
lis,Life Is Sweet,error,https://www.thechemicalbrothers.com/music-videos/life-is-sweet,,,ページを読めない：<urlopen error Tunnel connection failed: 403 Forbidden>
lof,Loops of Fury,error,https://www.thechemicalbrothers.com/music-videos/loops-of-fury,,,ページを読めない：<urlopen error Tunnel connection failed: 403 Forbidden>
ss,Setting Sun,error,https://www.thechemicalbrothers.com/music-videos/setting-sun,,,ページを読めない：<urlopen error Tunnel connection failed: 403 Forbidden>
brb,Block Rockin' Beats,error,https://www.thechemicalbrothers.com/music-videos/block-rockin-beats-single,,,ページを読めない：<urlopen error Tunnel connection failed: 403 Forbidden>
dyoh,Dig Your Own Hole,error,https://www.thechemicalbrothers.com/music-videos/dig-your-own-hole,,,ページを読めない：<urlopen error Tunnel connection failed: 403 Forbidden>
el,Elektrobank,error,https://www.thechemicalbrothers.com/music-videos/elektrobank,,,ページを読めない：<urlopen error Tunnel connection failed: 403 Forbidden>
ppr,The Private Psychedelic Reel,error,https://www.thechemicalbrothers.com/music-videos/the-private-psychedelic-reel,,,ページを読めない：<urlopen error Tunnel connection failed: 403 Forbidden>
hbhg,Hey Boy Hey Girl,error,https://www.thechemicalbrothers.com/music-videos/hey-boy-hey-girl-single,,,ページを読めない：<urlopen error Tunnel connection failed: 403 Forbidden>
sur,Surrender,error,https://www.thechemicalbrothers.com/music-videos/surrender,,,ページを読めない：<urlopen error Tunnel connection failed: 403 Forbidden>
lfb,Let Forever Be,error,https://www.thechemicalbrothers.com/music-videos/let-forever-be,,,ページを読めない：<urlopen error Tunnel connection failed: 403 Forbidden>
ooc,Out of Control,error,https://www.thechemicalbrothers.com/music-videos/out-of-control,,,ページを読めない：<urlopen error Tunnel connection failed: 403 Forbidden>
mr,Music:Response,error,https://www.thechemicalbrothers.com/music-videos/music-response,,,ページを読めない：<urlopen error Tunnel connection failed: 403 Forbidden>
ibia,It Began in Afrika,error,https://www.thechemicalbrothers.com/music-videos/it-began-in-afrika,,,ページを読めない：<urlopen error Tunnel connection failed: 403 Forbidden>
sg,Star Guitar,error,https://www.thechemicalbrothers.com/music-videos/star-guitar,,,ページを読めない：<urlopen error Tunnel connection failed: 403 Forbidden>
cwu,Come with Us,error,https://www.thechemicalbrothers.com/music-videos/come-with-us,,,ページを読めない：<urlopen error Tunnel connection failed: 403 Forbidden>
cwtt,Come with Us / The Test,error,https://www.thechemicalbrothers.com/music-videos/come-wih-us-the-test,,,ページを読めない：<urlopen error Tunnel connection failed: 403 Forbidden>
jpep,Come with Us/Japan Only EP,none,,,,公式サイトにリリースページが見つからない
amep,AmericanEP,error,https://www.thechemicalbrothers.com/music-videos/american-ep,,,ページを読めない：<urlopen error Tunnel connection failed: 403 Forbidden>
tgp,The Golden Path,error,https://www.thechemicalbrothers.com/music-videos/the-golden-path-2,,,ページを読めない：<urlopen error Tunnel connection failed: 403 Forbidden>
gyh,Get Yourself High,error,https://www.thechemicalbrothers.com/music-videos/get-yourself-high,,,ページを読めない：<urlopen error Tunnel connection failed: 403 Forbidden>
gal,Galvanize,error,https://www.thechemicalbrothers.com/music-videos/galvanize-single,,,ページを読めない：<urlopen error Tunnel connection failed: 403 Forbidden>
ptb,Push the Button,error,https://www.thechemicalbrothers.com/music-videos/push-the-button,,,ページを読めない：<urlopen error Tunnel connection failed: 403 Forbidden>
bel,Believe,error,https://www.thechemicalbrothers.com/music-videos/believe-single,,,ページを読めない：<urlopen error Tunnel connection failed: 403 Forbidden>
box,The Boxer,error,https://www.thechemicalbrothers.com/music-videos/the-boxer,,,ページを読めない：<urlopen error Tunnel connection failed: 403 Forbidden>
l05,Live 05,error,https://www.thechemicalbrothers.com/music-videos/live-05,,,ページを読めない：<urlopen error Tunnel connection failed: 403 Forbidden>
dia,Do It Again,error,https://www.thechemicalbrothers.com/music-videos/do-it-again-single,,,ページを読めない：<urlopen error Tunnel connection failed: 403 Forbidden>
watn,We Are the Night,error,https://www.thechemicalbrothers.com/music-videos/we-are-the-night,,,ページを読めない：<urlopen error Tunnel connection failed: 403 Forbidden>
tsd,The Salmon Dance,error,https://www.thechemicalbrothers.com/music-videos/the-salmon-dance,,,ページを読めない：<urlopen error Tunnel connection failed: 403 Forbidden>
mm,Midnight Madness,error,https://www.thechemicalbrothers.com/music-videos/midnight-madness,,,ページを読めない：<urlopen error Tunnel connection failed: 403 Forbidden>
ev,Escape Velocity,none,,,,公式サイトにリリースページが見つからない
sw,Swoon,error,https://www.thechemicalbrothers.com/music-videos/swoon,,,ページを読めない：<urlopen error Tunnel connection failed: 403 Forbidden>
fur,Further,error,https://www.thechemicalbrothers.com/music-videos/further,,,ページを読めない：<urlopen error Tunnel connection failed: 403 Forbidden>
aw,Another World,error,https://www.thechemicalbrothers.com/music-videos/another-world-single,,,ページを読めない：<urlopen error Tunnel connection failed: 403 Forbidden>
cp,Container Park,none,,,,公式サイトにリリースページが見つからない
tfv,Theme for Velodrome,none,,,,公式サイトにリリースページが見つからない
go,Go,error,https://www.thechemicalbrothers.com/music-videos/go-single,,,ページを読めない：<urlopen error Tunnel connection failed: 403 Forbidden>
unl,Under Neon Lights,error,https://www.thechemicalbrothers.com/music-videos/under-neon-lights-single,,,ページを読めない：<urlopen error Tunnel connection failed: 403 Forbidden>
bite,Born in the Echoes,error,https://www.thechemicalbrothers.com/music-videos/born-in-the-echoes,,,ページを読めない：<urlopen error Tunnel connection failed: 403 Forbidden>
chem,C-H-E-M-I-C-A-L,none,,,,公式サイトにリリースページが見つからない
fy,Free Yourself,error,https://www.thechemicalbrothers.com/music-videos/free-yourself-single,,,ページを読めない：<urlopen error Tunnel connection failed: 403 Forbidden>
mah,MAH,error,https://www.thechemicalbrothers.com/music-videos/mah,,,ページを読めない：<urlopen error Tunnel connection failed: 403 Forbidden>
gtko,Got to Keep On,error,https://www.thechemicalbrothers.com/music-videos/got-to-keep-on-single,,,ページを読めない：<urlopen error Tunnel connection failed: 403 Forbidden>
wgtt,We've Got to Try,none,,,,公式サイトにリリースページが見つからない
ng,No Geography,error,https://www.thechemicalbrothers.com/music-videos/no-geography,,,ページを読めない：<urlopen error Tunnel connection failed: 403 Forbidden>
dtyf,The Darkness That You Fear,none,,,,公式サイトにリリースページが見つからない
nr,No Reason,none,,,,公式サイトにリリースページが見つからない
la,Live Again,none,,,,公式サイトにリリースページが見つからない
gb,Goodbye,none,,,,公式サイトにリリースページが見つからない
sls,Skipping Like a Stone,none,,,,公式サイトにリリースページが見つからない
ftbf,For That Beautiful Feeling,none,,,,公式サイトにリリースページが見つからない
