ss	9BgSv4GGNJo	https://www.thechemicalbrothers.com/music-videos/setting-sun-video
brb	iTxOKsyZ0Lw	https://www.thechemicalbrothers.com/music-videos/block-rockin-beats-video
lis	30p2UWAegeQ	https://www.thechemicalbrothers.com/music-videos/life-is-sweet-video
hbhg	tpKCqp9CALQ	https://www.thechemicalbrothers.com/music-videos/hey-boy-hey-girl-video
lfb	s5FyfQDO5g0	https://www.thechemicalbrothers.com/music-videos/let-forever-be-video
ooc	6sOpbRL8R4g	https://www.thechemicalbrothers.com/music-videos/out-of-control-video
sg	0S43IwBF0uM	https://www.thechemicalbrothers.com/music-videos/star-guitar-video
cwtt	yhS9LnDoo_w	https://www.thechemicalbrothers.com/music-videos/the-test-video
tgp	jTqwe57ObFo	https://www.thechemicalbrothers.com/music-videos/the-golden-path-video
gal	Xu3FTEmN-eg	https://www.thechemicalbrothers.com/music-videos/galvanize-video
bel	AMs5UpkamaE	https://www.thechemicalbrothers.com/music-videos/believe-video
box	nSkKWVkF5yE	https://www.thechemicalbrothers.com/music-videos/the-boxer-video
dia	UVrwzjtBHq0	https://www.thechemicalbrothers.com/music-videos/do-it-again-video
tsd	dDj7DuHVV9E	https://www.thechemicalbrothers.com/music-videos/the-salmon-dance-video
mm	UoaeEAdDv-c	https://www.thechemicalbrothers.com/music-videos/midnight-madness-video
sw	uCKeVj0JDjU	https://www.thechemicalbrothers.com/music-videos/swoon-video
aw	fhzkeFiXfPI	https://www.thechemicalbrothers.com/music-videos/another-world-video
unl	J8NUoavtgXY	https://www.thechemicalbrothers.com/music-videos/under-neon-lights-video
bite	saZVNLMMmmo	https://www.thechemicalbrothers.com/music-videos/sometimes-i-feel-so-deserted-video	Sometimes I Feel So Deserted
fy	7wzR_BVFsUU	https://www.thechemicalbrothers.com/music-videos/free-yourself-video
mah	XTBNONSR9F8	https://www.thechemicalbrothers.com/music-videos/mah-2
ng	sYsXKhBknyM	https://www.thechemicalbrothers.com/music-videos/eve-of-destruction	Eve of Destruction
dtyf	b-mGA4V2LK0	https://www.thechemicalbrothers.com/music-videos/the-darkness-that-you-fear-video
